,Date,ABBN,CLN,DOKA,GIVN,KUD,LISN,LONN,NESN,SCHN,SCMN,SIKA,SRENH,UBSG,UHR,VLRT,ABBN_30d_MA,CLN_30d_MA,DOKA_30d_MA,GIVN_30d_MA,KUD_30d_MA,LISN_30d_MA,LONN_30d_MA,NESN_30d_MA,SCHN_30d_MA,SCMN_30d_MA,SIKA_30d_MA,SRENH_30d_MA,UBSG_30d_MA,UHR_30d_MA,VLRT_30d_MA,ABBN_Expanding_Avg,CLN_Expanding_Avg,DOKA_Expanding_Avg,GIVN_Expanding_Avg,KUD_Expanding_Avg,LISN_Expanding_Avg,LONN_Expanding_Avg,NESN_Expanding_Avg,SCHN_Expanding_Avg,SCMN_Expanding_Avg,SIKA_Expanding_Avg,SRENH_Expanding_Avg,UBSG_Expanding_Avg,UHR_Expanding_Avg,VLRT_Expanding_Avg,ABBN_Avg,CLN_Avg,DOKA_Avg,GIVN_Avg,KUD_Avg,LISN_Avg,LONN_Avg,NESN_Avg,SCHN_Avg,SCMN_Avg,SIKA_Avg,SRENH_Avg,UBSG_Avg,UHR_Avg,VLRT_Avg
0,2023-12-21,1.0215343602050176e-10,4.062741143511098e-10,5.072721535399924e-08,1.7441119679031902e-08,4.670458616210232e-07,4.785544441441726e-06,1.5783027643247e-09,3.089278159962881e-11,1.983772614992369e-08,1.1020744855504957e-08,6.626447762864742e-10,3.909588709487662e-10,4.1985373035093e-11,4.834172129357012e-10,0.0042618828633211,,,,,,,,,,,,,,,,1.0215343602050176e-10,4.062741143511098e-10,5.072721535399924e-08,1.7441119679031902e-08,4.670458616210232e-07,4.785544441441726e-06,1.5783027643247e-09,3.089278159962881e-11,1.983772614992369e-08,1.1020744855504957e-08,6.626447762864742e-10,3.909588709487662e-10,4.1985373035093e-11,4.834172129357012e-10,0.0042618828633211,6.38451496733981e-11,7.586624601437529e-10,1.6750565306858564e-07,1.786179704780045e-08,-3.9874425360963045e-06,1.1828009174316283e-05,1.5530942590732111e-09,3.291484947129459e-11,3.166629842576196e-08,3.673871810585078e-09,6.916960938271624e-10,2.6447308485115827e-10,3.745429391590349e-11,1.4696239826108772e-09,0.009231729386392903
1,2023-12-22,7.511270636664217e-11,7.127582353540617e-10,6.053583533307252e-08,1.69542006991806e-08,3.049258889267523e-08,2.671529456619584e-06,2.1592025386758963e-09,5.528292218081151e-11,1.1808794679205157e-07,2.870074285109174e-09,1.3031474929450254e-09,1.1081479591041092e-10,7.001189045402033e-11,1.630637895836569e-09,0.0,,,,,,,,,,,,,,,,8.863307119357196e-11,5.595161748525857e-10,5.563152534353588e-08,1.719766018910625e-08,2.487692252568492e-07,3.728536949030655e-06,1.8687526515002982e-09,4.308785189022016e-11,6.896283647098764e-08,6.945409570307065e-09,9.828961346157498e-10,2.508868334295885e-10,5.599863174455666e-11,1.0570275543861352e-09,0.00213094143166055,6.38451496733981e-11,7.586624601437529e-10,1.6750565306858564e-07,1.786179704780045e-08,-3.9874425360963045e-06,1.1828009174316283e-05,1.5530942590732111e-09,3.291484947129459e-11,3.166629842576196e-08,3.673871810585078e-09,6.916960938271624e-10,2.6447308485115827e-10,3.745429391590349e-11,1.4696239826108772e-09,0.009231729386392903
2,2023-12-27,7.792762051383486e-11,3.45113360759554e-10,9.394500104857693e-08,1.5781355123035365e-08,2.240248917549965e-08,9.262422090048582e-06,8.191344780713525e-10,4.434085859737168e-11,1.4769176935332077e-08,4.112300414076087e-08,9.820160968311028e-10,1.7303697506155434e-09,2.346469509681948e-11,7.23027082729325e-10,,,,,,,,,,,,,,,,,8.50645876336596e-11,4.880485701549085e-10,6.84026839118829e-08,1.6725558500415956e-08,1.7331364656306602e-07,5.573165329369964e-06,1.518879927023983e-09,4.3505520792604e-11,5.0898283292435774e-08,1.8337941093791667e-08,9.826027886875342e-10,7.440478058249069e-10,4.515398619531093e-11,9.45694063833865e-10,,6.38451496733981e-11,7.586624601437529e-10,1.6750565306858564e-07,1.786179704780045e-08,-3.9874425360963045e-06,1.1828009174316283e-05,1.5530942590732111e-09,3.291484947129459e-11,3.166629842576196e-08,3.673871810585078e-09,6.916960938271624e-10,2.6447308485115827e-10,3.745429391590349e-11,1.4696239826108772e-09,
3,2023-12-28,6.964726685855473e-11,2.109479474235826e-09,1.2916414608659676e-07,3.4052459352092416e-08,-2.4338121974402062e-09,5.07526390571516e-05,7.636614164773128e-10,2.705035617322687e-11,1.5876046317497083e-08,2.912641110715362e-09,5.445998954304863e-10,3.4391309446432284e-10,9.139643413368936e-11,5.278565835885714e-10,0.0,,,,,,,,,,,,,,,,8.121025743988338e-11,8.934062961751379e-10,8.359304945556136e-08,2.1057283713335072e-08,1.2937678187293946e-07,1.6868033761315373e-05,1.3300752993873154e-09,3.939172963775972e-11,4.2142724048701106e-08,1.4481616098022592e-08,8.731020653732722e-10,6.440141279847608e-10,5.6714598179905536e-11,8.412346937725417e-10,0.0014206276211070335,6.38451496733981e-11,7.586624601437529e-10,1.6750565306858564e-07,1.786179704780045e-08,-3.9874425360963045e-06,1.1828009174316283e-05,1.5530942590732111e-09,3.291484947129459e-11,3.166629842576196e-08,3.673871810585078e-09,6.916960938271624e-10,2.6447308485115827e-10,3.745429391590349e-11,1.4696239826108772e-09,0.009231729386392903
4,2023-12-29,1.4684962798913003e-10,3.5975174451814076e-10,8.798339431281779e-08,1.5690776274305048e-08,2.9713808337511533e-08,2.4048440614316077e-05,6.900932306340805e-10,1.911861238628684e-11,,9.471159378214119e-10,3.6211927807882105e-10,2.84695458859198e-10,3.628549263162215e-11,1.0379766250633491e-09,0.0,,,,,,,,,,,,,,,,9.433813154973271e-11,7.866753858437385e-10,8.447111842701265e-08,1.9983982225529067e-08,1.0944418716585387e-07,1.8304115131915516e-05,1.2020788856366685e-09,3.5337106187465145e-11,,1.1774716065982356e-08,7.70905507914382e-10,5.721503941596482e-10,5.2628777070248865e-11,8.805830800307031e-10,0.001065470715830275,6.38451496733981e-11,7.586624601437529e-10,1.6750565306858564e-07,1.786179704780045e-08,-3.9874425360963045e-06,1.1828009174316283e-05,1.5530942590732111e-09,3.291484947129459e-11,,3.673871810585078e-09,6.916960938271624e-10,2.6447308485115827e-10,3.745429391590349e-11,1.4696239826108772e-09,0.009231729386392903
5,2024-01-03,5.207382652628032e-11,2.2513274244362668e-10,6.652343405983898e-08,1.251231308270542e-08,7.91755447061974e-08,5.916723464088506e-05,1.143930834177401e-09,3.5427619306911675e-11,,1.7112377302573295e-09,5.423308225677038e-10,1.1916463325159074e-10,2.3921987441990916e-11,3.847417210042355e-10,,,,,,,,,,,,,,,,,8.729408071249066e-11,6.930849452770532e-10,8.147983769915037e-08,1.8738704035058457e-08,1.043994134225778e-07,2.5114635050077104e-05,1.1923875437267906e-09,3.5352191707372895e-11,,1.0097469676694853e-08,7.328097270232689e-10,4.966527673416387e-10,4.784431213220587e-11,7.979428535262919e-10,,6.38451496733981e-11,7.586624601437529e-10,1.6750565306858564e-07,1.786179704780045e-08,-3.9874425360963045e-06,1.1828009174316283e-05,1.5530942590732111e-09,3.291484947129459e-11,,3.673871810585078e-09,6.916960938271624e-10,2.6447308485115827e-10,3.745429391590349e-11,1.4696239826108772e-09,
6,2024-01-04,1.4941868255565743e-10,3.8455003541249774e-10,9.441560880088273e-08,8.046845450287128e-08,3.190079765157976e-07,1.2385321163649045e-05,2.6731966127187876e-08,2.778677509786992e-11,,2.3659247905455092e-08,8.316564757966762e-10,1.6295411862698187e-10,3.096003308309486e-11,,,,,,,,,,,,,,,,,,9.616902383294304e-11,6.490085295821167e-10,8.332780499939785e-08,2.7557239816174574e-08,1.3505777957875205e-07,2.329616163773024e-05,4.840898769935517e-09,3.427141790601533e-11,,1.2034866566517743e-08,7.469306911337557e-10,4.4898153181097337e-10,4.543227226804715e-11,,,6.38451496733981e-11,7.586624601437529e-10,1.6750565306858564e-07,1.786179704780045e-08,-3.9874425360963045e-06,1.1828009174316283e-05,1.5530942590732111e-09,3.291484947129459e-11,,3.673871810585078e-09,6.916960938271624e-10,2.6447308485115827e-10,3.745429391590349e-11,,
7,2024-01-05,6.237246047441858e-11,2.3209818595260643e-10,3.8908107150229014e-08,9.759412877443361e-09,1.0948379557140668e-06,1.699475173894491e-05,6.028246447870502e-10,8.20792230872302e-11,,1.516750628857906e-09,4.6211467819619984e-10,3.672040592506991e-10,7.368659548355245e-11,3.271205056311492e-09,,,,,,,,,,,,,,,,,9.194445341312749e-11,5.968947366284279e-10,7.777534276825174e-08,2.5332511448833172e-08,2.550303015956664e-07,2.2508485400382075e-05,4.3111395042919585e-09,4.024739355366719e-11,,1.0720102074310264e-08,7.113286895165612e-10,4.3875934774093913e-10,4.896406266998531e-11,1.151266025352749e-09,,6.38451496733981e-11,7.586624601437529e-10,1.6750565306858564e-07,1.786179704780045e-08,-3.9874425360963045e-06,1.1828009174316283e-05,1.5530942590732111e-09,3.291484947129459e-11,,3.673871810585078e-09,6.916960938271624e-10,2.6447308485115827e-10,3.745429391590349e-11,1.4696239826108772e-09,
8,2024-01-08,1.497856615934177e-10,2.1144183380365967e-10,5.628583564599576e-08,3.667830243653361e-08,5.18201760434351e-06,8.525498199233484e-06,1.170120626328071e-09,1.3007158468891529e-10,2.3000356499462263e-09,4.923510652833661e-09,9.81203634457187e-10,1.8480425772580368e-10,3.669395744652284e-11,3.684641085064363e-09,,,,,,,,,,,,,,,,,9.837125432204861e-11,5.540666363145648e-10,7.538761975466774e-08,2.6593154891910998e-08,8.024733352343158e-07,2.095482015581001e-05,3.962137406740415e-09,5.0227859235361424e-11,3.417418636895013e-08,1.0076036360812863e-08,7.41314794509964e-10,4.105421155170352e-10,4.7600717645156155e-11,1.4679379078167008e-09,,6.38451496733981e-11,7.586624601437529e-10,1.6750565306858564e-07,1.786179704780045e-08,-3.9874425360963045e-06,1.1828009174316283e-05,1.5530942590732111e-09,3.291484947129459e-11,3.166629842576196e-08,3.673871810585078e-09,6.916960938271624e-10,2.6447308485115827e-10,3.745429391590349e-11,1.4696239826108772e-09,
9,2024-01-09,1.7989286726600564e-10,2.7403216539140006e-10,1.5671758695483305e-07,5.442764412748966e-09,2.351111324110752e-08,2.404168233632779e-05,5.742929684564395e-10,3.038429838101604e-11,2.5242443336630177e-08,6.924023889415785e-10,5.331882056769432e-10,1.1137240025427819e-10,2.549267909300916e-11,1.904469778027106e-09,0.0009835744085793,,,,,,,,,,,,,,,,1.0652341561644433e-10,5.260631892222483e-10,8.352061647468429e-08,2.44781158439948e-08,7.24577113034995e-07,2.1263506373861786e-05,3.623352962912018e-09,4.824350314992688e-11,3.2685562530230136e-08,9.137672963625734e-09,7.205021356266619e-10,3.806251439907595e-10,4.538991378994145e-11,1.5164414489511902e-09,0.00104909145438008,6.38451496733981e-11,7.586624601437529e-10,1.6750565306858564e-07,1.786179704780045e-08,-3.9874425360963045e-06,1.1828009174316283e-05,1.5530942590732111e-09,3.291484947129459e-11,3.166629842576196e-08,3.673871810585078e-09,6.916960938271624e-10,2.6447308485115827e-10,3.745429391590349e-11,1.4696239826108772e-09,0.009231729386392903
10,2024-01-10,7.343581276281427e-11,4.685232688477209e-10,1.142950742133952e-07,2.894149186034655e-08,3.576682670396577e-07,6.128542697199808e-06,4.5845895598067414e-10,2.2534841121292422e-11,4.7737196477834455e-08,1.718297443746194e-09,8.797665058059646e-10,2.520191756519924e-10,4.3335660144836034e-11,2.4664497251892955e-09,8.565379656097743e-05,,,,,,,,,,,,,,,,1.0351545172065977e-10,5.208322873700185e-10,8.631829445093072e-08,2.4883877300026776e-08,6.912217633990551e-07,1.9887600585074333e-05,3.33563532591826e-09,4.5906352056414655e-11,3.4835795951316467e-08,8.463184280000322e-09,7.349807147338712e-10,3.6893369232359887e-10,4.520316345856823e-11,1.6114422765750008e-09,0.0008885185114102296,6.38451496733981e-11,7.586624601437529e-10,1.6750565306858564e-07,1.786179704780045e-08,-3.9874425360963045e-06,1.1828009174316283e-05,1.5530942590732111e-09,3.291484947129459e-11,3.166629842576196e-08,3.673871810585078e-09,6.916960938271624e-10,2.6447308485115827e-10,3.745429391590349e-11,1.4696239826108772e-09,0.009231729386392903
11,2024-01-11,1.4418497903151928e-10,2.1576471247065496e-10,2.1285630709731978e-08,4.0505153713028136e-08,-0.0004306850524953,6.515888596333012e-06,5.101525242531597e-10,7.670270785683143e-11,1.1432965539850871e-08,4.492024007748701e-09,7.051141237627535e-10,2.484561376893126e-10,5.074230582797413e-11,1.574602201532878e-09,,,,,,,,,,,,,,,,,1.0690457899656472e-10,4.954099894617382e-10,8.089890580583083e-08,2.6185650334443556e-08,-3.5256801091492535e-05,1.8773291252679223e-05,3.100178425779501e-09,4.847271503978272e-11,3.191044214988327e-08,8.132254257312687e-09,7.324918321529448e-10,3.58893896104075e-10,4.566475865601872e-11,1.6080931788438985e-09,,6.38451496733981e-11,7.586624601437529e-10,1.6750565306858564e-07,1.786179704780045e-08,-3.9874425360963045e-06,1.1828009174316283e-05,1.5530942590732111e-09,3.291484947129459e-11,3.166629842576196e-08,3.673871810585078e-09,6.916960938271624e-10,2.6447308485115827e-10,3.745429391590349e-11,1.4696239826108772e-09,
12,2024-01-12,1.1292155103239266e-10,1.4155849266569343e-10,3.0188393332949827e-08,2.6042555468597053e-08,3.862321315554869e-06,1.5651895045613264e-05,2.5110425979440542e-09,3.8355076714086235e-11,5.276116064034417e-09,3.4321984745540873e-09,2.6352450710758883e-10,2.7186897721830804e-10,3.5962840886796355e-11,1.066802409346025e-09,1.3352190875535104e-05,,,,,,,,,,,,,,,,1.0736742299932072e-10,4.681906435543502e-10,7.699809715407075e-08,2.6174643037070747e-08,-3.2247637829411966e-05,1.8533183852135688e-05,3.0548602851767746e-09,4.7694435168575305e-11,2.895107258478895e-08,7.770711504792795e-09,6.964174225340714e-10,3.521996715744006e-10,4.4918457289155465e-11,1.562985614719076e-09,0.0007634947513338447,6.38451496733981e-11,7.586624601437529e-10,1.6750565306858564e-07,1.786179704780045e-08,-3.9874425360963045e-06,1.1828009174316283e-05,1.5530942590732111e-09,3.291484947129459e-11,3.166629842576196e-08,3.673871810585078e-09,6.916960938271624e-10,2.6447308485115827e-10,3.745429391590349e-11,1.4696239826108772e-09,0.009231729386392903
13,2024-01-15,9.081928785899767e-11,1.1141918898689775e-09,1.5102649090053816e-07,1.5559610467524232e-08,2.365680426619186e-07,2.7389745109895257e-05,1.1614887745566834e-09,3.2843793277117556e-11,3.968238984039241e-08,3.527664237712595e-09,5.943495609735765e-10,1.8714989774725447e-10,8.014653074000701e-11,3.6269648939925197e-09,-0.0028612675767638,,,,,,,,,,,,,,,,1.061854133464405e-10,5.143335897196807e-10,8.22858395645327e-08,2.541642642496028e-08,-2.9927337409978114e-05,1.9165795370547087e-05,2.919619462989625e-09,4.663367503347118e-11,3.0024204310349295e-08,7.467636700001353e-09,6.89126860994036e-10,3.4041040201531874e-10,4.743474824993058e-11,1.721753251586264e-09,0.0003103994603216391,6.38451496733981e-11,7.586624601437529e-10,1.6750565306858564e-07,1.786179704780045e-08,-3.9874425360963045e-06,1.1828009174316283e-05,1.5530942590732111e-09,3.291484947129459e-11,3.166629842576196e-08,3.673871810585078e-09,6.916960938271624e-10,2.6447308485115827e-10,3.745429391590349e-11,1.4696239826108772e-09,0.009231729386392903
14,2024-01-16,7.604242895686829e-11,1.7456587902070439e-10,9.375980367662667e-08,9.470184110416363e-09,0.0001320100562738,9.051660547371094e-06,6.801336816925597e-10,1.509897560580345e-11,2.438943030111911e-08,1.1697188566489034e-09,2.539991708520809e-10,2.2856628710300257e-10,4.4462412990151346e-11,3.538015211670938e-09,4.381097506117604e-06,,,,,,,,,,,,,,,,1.0417588105380236e-10,4.916824090064157e-10,8.305077050533898e-08,2.4353343603990687e-08,-1.9131511164392908e-05,1.8491519715668687e-05,2.7703204109031542e-09,4.4531361738293326e-11,2.9511952127692008e-08,7.047775510444522e-09,6.601183483179057e-10,3.32954127687831e-10,4.72365925659453e-11,1.8514862487351691e-09,0.0002763974200088034,6.38451496733981e-11,7.586624601437529e-10,1.6750565306858564e-07,1.786179704780045e-08,-3.9874425360963045e-06,1.1828009174316283e-05,1.5530942590732111e-09,3.291484947129459e-11,3.166629842576196e-08,3.673871810585078e-09,6.916960938271624e-10,2.6447308485115827e-10,3.745429391590349e-11,1.4696239826108772e-09,0.009231729386392903
15,2024-01-17,3.173362271710694e-11,9.428365972846611e-10,4.5442622432948064e-08,3.843767125937166e-09,4.240871681171951e-07,2.5935457818678613e-06,1.3016417061766604e-09,3.6200359535856056e-11,6.6757953919996214e-09,2.516453011766324e-09,2.441087924982419e-10,6.281848584293205e-11,2.4260368910166565e-11,1.5204287901612794e-09,5.187515882362651e-05,,,,,,,,,,,,,,,,9.96482399077589e-11,5.19879545773806e-10,8.070026125081454e-08,2.3071495074112343e-08,-1.7909286268611027e-05,1.7497896344806137e-05,2.678527991857748e-09,4.4010674100641e-11,2.7608939066384308e-08,6.764567854277134e-09,6.341177510791766e-10,3.160706500725248e-10,4.5800578587459125e-11,1.8294157514969098e-09,0.00025394519389028566,6.38451496733981e-11,7.586624601437529e-10,1.6750565306858564e-07,1.786179704780045e-08,-3.9874425360963045e-06,1.1828009174316283e-05,1.5530942590732111e-09,3.291484947129459e-11,3.166629842576196e-08,3.673871810585078e-09,6.916960938271624e-10,2.6447308485115827e-10,3.745429391590349e-11,1.4696239826108772e-09,0.009231729386392903
16,2024-01-18,3.376001933481973e-11,1.4465252475893635e-10,7.458199198293459e-07,1.157596444490082e-08,3.32850768724809e-07,2.602801498450765e-06,2.0681171007263183e-09,4.7769677864856416e-11,3.4467775009596975e-08,5.3342517651376865e-09,5.058421705374697e-10,1.413231099402239e-10,4.145444742579715e-11,4.400902740244734e-09,-1.925616431696214e-05,,,,,,,,,,,,,,,,9.577246222699776e-11,4.978073680670489e-10,1.198249470495517e-07,2.2395287390041075e-08,-1.683621938406186e-05,1.6621714295020527e-05,2.642621468850017e-09,4.4231791969124255e-11,2.813654183124682e-08,6.68043161373952e-09,6.265721286943704e-10,3.057913830059189e-10,4.5544923813243715e-11,1.990133688293649e-09,0.0002291087067805359,6.38451496733981e-11,7.586624601437529e-10,1.6750565306858564e-07,1.786179704780045e-08,-3.9874425360963045e-06,1.1828009174316283e-05,1.5530942590732111e-09,3.291484947129459e-11,3.166629842576196e-08,3.673871810585078e-09,6.916960938271624e-10,2.6447308485115827e-10,3.745429391590349e-11,1.4696239826108772e-09,0.009231729386392903
17,2024-01-19,1.585251428831211e-11,1.8097274154760682e-09,1.7705187568088446e-07,7.075439062447624e-09,-2.782337360045837e-08,8.597880144579145e-06,3.337875866518621e-09,6.26916577781641e-12,3.1422608605171375e-08,3.412039167286069e-09,6.478208421832793e-10,1.9275964866315855e-10,3.1378148556037396e-11,4.742135789981781e-09,,,,,,,,,,,,,,,,,9.1332465119293e-11,5.706918151453277e-10,1.230042208624035e-07,2.154418470517477e-08,-1.5902419605702894e-05,1.6175945731107115e-05,2.6812467131649395e-09,4.212275718071827e-11,2.837126088652715e-08,6.498854255603217e-09,6.277526127770875e-10,2.9951184220909885e-10,4.4757880743398913e-11,2.152016164863539e-09,,6.38451496733981e-11,7.586624601437529e-10,1.6750565306858564e-07,1.786179704780045e-08,-3.9874425360963045e-06,1.1828009174316283e-05,1.5530942590732111e-09,3.291484947129459e-11,3.166629842576196e-08,3.673871810585078e-09,6.916960938271624e-10,2.6447308485115827e-10,3.745429391590349e-11,1.4696239826108772e-09,
18,2024-01-22,3.0120712163233534e-11,2.0892646849740955e-10,4.2357730011157675e-08,8.209986068393721e-09,1.200925802732316e-07,6.245059138114094e-06,1.0578057119609727e-09,2.0237441026510396e-10,7.677503985942805e-08,3.6491293806146613e-09,5.019975021960677e-10,8.919363756486713e-11,4.8805737042654136e-11,2.4975816835001515e-09,-2.8362372278786104e-06,,,,,,,,,,,,,,,,8.811079391107935e-11,5.516515337428058e-10,1.1875966871233794e-07,2.084238477692314e-08,-1.5059129490651518e-05,1.565326748937064e-05,2.595802449943678e-09,5.0557054711475406e-11,3.1598179484720543e-08,6.348868735866978e-09,6.211339227465075e-10,2.884424630172972e-10,4.497092581178077e-11,2.1712142492322396e-09,0.00020977996144650132,6.38451496733981e-11,7.586624601437529e-10,1.6750565306858564e-07,1.786179704780045e-08,-3.9874425360963045e-06,1.1828009174316283e-05,1.5530942590732111e-09,3.291484947129459e-11,3.166629842576196e-08,3.673871810585078e-09,6.916960938271624e-10,2.6447308485115827e-10,3.745429391590349e-11,1.4696239826108772e-09,0.009231729386392903
19,2024-01-23,6.137195802971204e-11,6.459902182985773e-10,5.171251653355429e-08,2.9217196063484556e-08,9.490484510763346e-08,1.036162417888334e-05,1.17640283142943e-09,5.4248114150719885e-11,1.748704088208664e-08,4.58893872179475e-09,6.82333055130803e-10,4.4091953684097096e-10,5.82976132759706e-11,2.0458872436374908e-10,0.0001563687703682,,,,,,,,,,,,,,,,8.677385211701098e-11,5.563684679705943e-10,1.1540731110339875e-07,2.126112534125121e-08,-1.430142777386356e-05,1.5388685323846276e-05,2.5248324690179657e-09,5.0741607683437626e-11,3.071623332205592e-08,6.2608722351633655e-09,6.241938793657223e-10,2.960663167084809e-10,4.5637260184990264e-11,2.067707642660214e-09,0.00020567140828663203,6.38451496733981e-11,7.586624601437529e-10,1.6750565306858564e-07,1.786179704780045e-08,-3.9874425360963045e-06,1.1828009174316283e-05,1.5530942590732111e-09,3.291484947129459e-11,3.166629842576196e-08,3.673871810585078e-09,6.916960938271624e-10,2.6447308485115827e-10,3.745429391590349e-11,1.4696239826108772e-09,0.009231729386392903
20,2024-01-24,1.0848953922022066e-10,5.111187745355865e-10,7.358534479816175e-08,2.237156672220549e-08,2.3002509724682413e-08,5.3555406908688566e-06,6.8869500735028e-10,1.4102566961436934e-11,1.1554585981767518e-08,2.8408818880360567e-09,1.5575622506224208e-10,1.0754514527718916e-10,3.771752220524449e-11,6.843793765817689e-10,0.0156995782937541,,,,,,,,,,,,,,,,8.780793245525906e-11,5.542137206641654e-10,1.1341578889838747e-07,2.1314003502249032e-08,-1.3619312046073644e-05,1.4910916531799731e-05,2.437397351795695e-09,4.899689145858046e-11,2.9589077596156607e-08,6.0980155519668265e-09,6.0188732439889e-10,2.8708911806889557e-10,4.526012980500237e-11,1.9985412293562917e-09,0.0013123790429628798,6.38451496733981e-11,7.586624601437529e-10,1.6750565306858564e-07,1.786179704780045e-08,-3.9874425360963045e-06,1.1828009174316283e-05,1.5530942590732111e-09,3.291484947129459e-11,3.166629842576196e-08,3.673871810585078e-09,6.916960938271624e-10,2.6447308485115827e-10,3.745429391590349e-11,1.4696239826108772e-09,0.009231729386392903
21,2024-01-25,5.488945417162048e-11,2.118701753934116e-10,1.541787600390043e-07,3.528765437884162e-09,2.187181489711624e-08,5.9984512175681946e-05,4.53322683800305e-10,1.364240056874435e-11,1.444975277244806e-08,2.198354530574109e-09,4.221127690690426e-10,1.0260173513074387e-10,2.3697154855823132e-11,5.49250746245598e-10,,,,,,,,,,,,,,,,,8.631163798782094e-11,5.386526504245856e-10,1.1526865122296096e-07,2.0505583590232448e-08,-1.2999258234211338e-05,1.6959716333794377e-05,2.347212139614086e-09,4.7389869145406085e-11,2.8748003994839467e-08,5.920758232812613e-09,5.937157537020787e-10,2.787033279353432e-10,4.427999458003968e-11,1.929527396827211e-09,,6.38451496733981e-11,7.586624601437529e-10,1.6750565306858564e-07,1.786179704780045e-08,-3.9874425360963045e-06,1.1828009174316283e-05,1.5530942590732111e-09,3.291484947129459e-11,3.166629842576196e-08,3.673871810585078e-09,6.916960938271624e-10,2.6447308485115827e-10,3.745429391590349e-11,1.4696239826108772e-09,
22,2024-01-26,4.194706130942509e-11,3.338316760538798e-10,4.189647540927288e-08,2.1379523841559623e-08,1.810190253028255e-06,6.359198659390425e-05,1.955894824007527e-09,4.141099110198828e-12,1.4861848458176076e-08,2.6507151735956916e-09,5.889934561459712e-10,1.6460023792061514e-10,3.868693650087366e-11,8.538801978150072e-10,-8.364653531396463e-05,,,,,,,,,,,,,,,,8.438274334962982e-11,5.297473906693376e-10,1.1207855662236582e-07,2.0543580992464064e-08,-1.2355369169548746e-05,1.8987206345103503e-05,2.330198343283366e-09,4.550948783952751e-11,2.8017153703436128e-08,5.778582447629268e-09,5.935104364170305e-10,2.7374232402165936e-10,4.4036818141815065e-11,1.8806343423266562e-09,0.0012193106710777569,6.38451496733981e-11,7.586624601437529e-10,1.6750565306858564e-07,1.786179704780045e-08,-3.9874425360963045e-06,1.1828009174316283e-05,1.5530942590732111e-09,3.291484947129459e-11,3.166629842576196e-08,3.673871810585078e-09,6.916960938271624e-10,2.6447308485115827e-10,3.745429391590349e-11,1.4696239826108772e-09,0.009231729386392903
23,2024-01-29,2.2737748163035708e-11,4.5158286428332e-10,1.0049399641720541e-07,1.0324599098561965e-07,-1.068995809575069e-07,1.7917525759712833e-05,5.4077419388447365e-09,1.8572253176027503e-11,1.3869870069335823e-08,2.453676529026888e-09,1.367323054180377e-09,1.60269953919873e-10,3.45388913859481e-11,2.6718016038555603e-09,0.064005462060814,,,,,,,,,,,,,,,,8.181420188352173e-11,5.264905354032535e-10,1.1159586661381748e-07,2.3989514742178883e-08,-1.1845016270024112e-05,1.8942636320712226e-05,2.458429326431757e-09,4.4387103061881675e-11,2.7309789521731115e-08,5.640044701020836e-09,6.257526288238366e-10,2.690143086007516e-10,4.3641071193653943e-11,1.9150329189148697e-09,0.005143445132936272,6.38451496733981e-11,7.586624601437529e-10,1.6750565306858564e-07,1.786179704780045e-08,-3.9874425360963045e-06,1.1828009174316283e-05,1.5530942590732111e-09,3.291484947129459e-11,3.166629842576196e-08,3.673871810585078e-09,6.916960938271624e-10,2.6447308485115827e-10,3.745429391590349e-11,1.4696239826108772e-09,0.009231729386392903
24,2024-01-30,4.217988084000835e-11,2.810001755915055e-10,5.5863941970408584e-08,3.316990857738062e-09,1.981748898771245e-05,2.3634083194785416e-05,4.75166505518465e-10,1.8114503331203745e-11,3.1542462926367364e-08,1.2891558895949342e-09,5.570731127724894e-10,3.2073455432730536e-10,1.187512864521075e-11,5.587499379497629e-10,,,,,,,,,,,,,,,,,8.02288290417812e-11,5.166709210107836e-10,1.0936658962808112e-07,2.3162613786801248e-08,-1.057851605971465e-05,1.913029419567515e-05,2.379098813595225e-09,4.333619907265456e-11,2.7511345398142362e-08,5.4660091485638e-09,6.230054481817828e-10,2.7108311842981376e-10,4.237043349171621e-11,1.8585211280413233e-09,,6.38451496733981e-11,7.586624601437529e-10,1.6750565306858564e-07,1.786179704780045e-08,-3.9874425360963045e-06,1.1828009174316283e-05,1.5530942590732111e-09,3.291484947129459e-11,3.166629842576196e-08,3.673871810585078e-09,6.916960938271624e-10,2.6447308485115827e-10,3.745429391590349e-11,1.4696239826108772e-09,
25,2024-01-31,4.111685139253453e-11,1.0263194563770063e-09,1.6724126798213285e-07,1.49986738836386e-08,1.2891042574885353e-07,3.45568563991296e-06,8.787647644842372e-10,-5.505469328301143e-12,3.1084491122476355e-08,1.1489786596133995e-09,3.758135305490997e-10,1.5370098452978043e-10,2.5361963996585088e-11,1.906111593949139e-09,0.0,,,,,,,,,,,,,,,,7.872452220911786e-11,5.362727877556383e-10,1.1159253879554465e-07,2.2848616098218068e-08,-1.01666919641199e-05,1.8527424635838144e-05,2.3213936578601873e-09,4.145767336492549e-11,2.767376111288482e-08,5.2999695143734e-09,6.134980667343718e-10,2.6656842097212016e-10,4.171626158805732e-11,1.860424746677636e-09,0.004840889536881198,6.38451496733981e-11,7.586624601437529e-10,1.6750565306858564e-07,1.786179704780045e-08,-3.9874425360963045e-06,1.1828009174316283e-05,1.5530942590732111e-09,3.291484947129459e-11,3.166629842576196e-08,3.673871810585078e-09,6.916960938271624e-10,2.6447308485115827e-10,3.745429391590349e-11,1.4696239826108772e-09,0.009231729386392903
26,2024-02-01,5.955766603583369e-11,1.4139081376623564e-10,5.521686108032432e-08,1.1814129603595541e-08,-2.343718755928065e-06,1.791643988631009e-05,3.595506767415783e-10,1.4563430340508365e-11,7.959271989004429e-08,1.8428025675479314e-09,7.007947250004946e-10,1.3583691790608609e-10,4.4547738255604726e-11,5.007180274876392e-10,,,,,,,,,,,,,,,,,7.801463864714438e-11,5.216475294597345e-10,1.0950455073201797e-07,2.243993141323205e-08,-9.87695221566835e-06,1.8504795571040813e-05,2.248732806707646e-09,4.0461590289947085e-11,2.993110714667436e-08,5.171926294120604e-09,6.167312762997838e-10,2.617265134511559e-10,4.1821131094262786e-11,1.8081283344010976e-09,,6.38451496733981e-11,7.586624601437529e-10,1.6750565306858564e-07,1.786179704780045e-08,-3.9874425360963045e-06,1.1828009174316283e-05,1.5530942590732111e-09,3.291484947129459e-11,3.166629842576196e-08,3.673871810585078e-09,6.916960938271624e-10,2.6447308485115827e-10,3.745429391590349e-11,1.4696239826108772e-09,
27,2024-02-02,4.119497568106933e-11,2.5443285296543417e-10,7.787121893972259e-08,6.604920447084861e-09,-2.9129272899241975e-07,8.660250913793898e-06,1.3939934783891954e-10,8.130078785255185e-12,2.0948180458957928e-08,1.668127650355173e-09,1.880769590936994e-09,1.7592764332785288e-10,9.277485970054072e-12,3.0853622312116567e-10,0.081162294419904,,,,,,,,,,,,,,,,7.669965068407027e-11,5.121041481563666e-10,1.0837478888229313e-07,2.187439530729822e-08,-9.534607234001352e-06,1.8153204690424848e-05,2.173399468890906e-09,3.93068934504938e-11,2.9556818534686176e-08,5.046790628271839e-09,6.618755018225413e-10,2.586622680896094e-10,4.0658858054112474e-11,1.7525878858351743e-09,0.00908096758593802,6.38451496733981e-11,7.586624601437529e-10,1.6750565306858564e-07,1.786179704780045e-08,-3.9874425360963045e-06,1.1828009174316283e-05,1.5530942590732111e-09,3.291484947129459e-11,3.166629842576196e-08,3.673871810585078e-09,6.916960938271624e-10,2.6447308485115827e-10,3.745429391590349e-11,1.4696239826108772e-09,0.009231729386392903
28,2024-02-05,3.1625215843415747e-11,2.477935397704096e-10,1.701828665259339e-07,2.247580466027777e-08,9.129798997434856e-08,2.0955724136842546e-05,2.861932155825965e-09,3.7773667604594096e-11,1.2912852961687116e-08,8.468078394166924e-10,3.878864136667815e-10,1.5579914882825072e-10,6.306472924078974e-11,7.219535235962087e-10,4.9523542459672674e-05,,,,,,,,,,,,,,,,7.514535982749597e-11,5.029899892465061e-10,1.1050610190448765e-07,2.1895133560849242e-08,-9.202679467657361e-06,1.8249843292025458e-05,2.1971419753369424e-09,3.925402359373864e-11,2.889105991176621e-08,4.9019636355526965e-09,6.524276022309633e-10,2.5511526397714877e-10,4.1431474301928934e-11,1.7157795157552112e-09,0.00860562842575495,6.38451496733981e-11,7.586624601437529e-10,1.6750565306858564e-07,1.786179704780045e-08,-3.9874425360963045e-06,1.1828009174316283e-05,1.5530942590732111e-09,3.291484947129459e-11,3.166629842576196e-08,3.673871810585078e-09,6.916960938271624e-10,2.6447308485115827e-10,3.745429391590349e-11,1.4696239826108772e-09,0.009231729386392903
29,2024-02-06,4.086305490306199e-11,7.546117409971102e-11,6.665267447562806e-08,4.2247077953036026e-08,7.175996693921325e-07,7.312060516537158e-06,6.658114855566938e-10,1.0611983242154087e-11,2.919157623057515e-08,1.829303109873584e-09,3.80035682449997e-10,5.467401163456102e-10,1.6028175084304828e-11,6.430435828051952e-10,0.0,7.400261633001485e-11,4.887390287416129e-10,1.0904432099019232e-07,2.2573531707255468e-08,-8.872003496422379e-06,1.7885250532842514e-05,2.1460976256776006e-09,3.8299288915352485e-11,,4.799541618030059e-09,6.433478715715979e-10,2.6483609238943077e-10,4.058469766134146e-11,,,7.400261633001485e-11,4.887390287416129e-10,1.0904432099019232e-07,2.2573531707255468e-08,-8.872003496422379e-06,1.7885250532842514e-05,2.1460976256776006e-09,3.8299288915352485e-11,2.8902618231720403e-08,4.799541618030059e-09,6.433478715715979e-10,2.6483609238943077e-10,4.058469766134146e-11,1.6787886215155554e-09,0.0081753470044672,6.38451496733981e-11,7.586624601437529e-10,1.6750565306858564e-07,1.786179704780045e-08,-3.9874425360963045e-06,1.1828009174316283e-05,1.5530942590732111e-09,3.291484947129459e-11,3.166629842576196e-08,3.673871810585078e-09,6.916960938271624e-10,2.6447308485115827e-10,3.745429391590349e-11,1.4696239826108772e-09,0.009231729386392903
30,2024-02-07,5.976942106635331e-11,4.031920434462297e-10,6.605257350604578e-08,7.518472171255914e-09,-1.6844821506810596e-07,4.4181654691979545e-06,2.2255980411941483e-09,2.2736095350096128e-11,7.672461315933058e-09,1.2047934473066815e-09,1.0626256699074646e-09,2.126399466700447e-10,1.2302079723652316e-11,5.698128004735028e-10,,7.258981583154324e-11,4.886362930447836e-10,1.095551662619272e-07,2.2242776790329598e-08,-8.893186632312016e-06,1.7873004567101058e-05,2.1676741349065825e-09,3.8027399373701396e-11,,4.4723432377567845e-09,6.566805680256308e-10,2.5889212824680677e-10,3.959525455096011e-11,1.6418227608141537e-09,,7.354348099892898e-11,4.859794485707941e-10,1.0765749042618759e-07,2.2087884625449027e-08,-8.591243648636758e-06,1.7450828434015273e-05,2.1486621552103927e-09,3.7797250413247443e-11,2.8116316123728276e-08,4.683581999619628e-09,6.568729618404968e-10,2.6315234575332157e-10,3.967235514722246e-11,1.6418227608141537e-09,,6.38451496733981e-11,7.586624601437529e-10,1.6750565306858564e-07,1.786179704780045e-08,-3.9874425360963045e-06,1.1828009174316283e-05,1.5530942590732111e-09,3.291484947129459e-11,3.166629842576196e-08,3.673871810585078e-09,6.916960938271624e-10,2.6447308485115827e-10,3.745429391590349e-11,1.4696239826108772e-09,
31,2024-02-08,1.4399994650170094e-10,1.4852718895198258e-08,4.248877247907366e-07,2.7898524280947844e-09,1.8525527779294174e-07,9.267925210537864e-06,2.0958753355102733e-09,,5.1554311359261255e-09,4.4344665070012245e-09,3.24359679370607e-10,1.0316715618201368e-10,3.343516253556909e-11,6.52662291326545e-10,,7.488605716937852e-11,9.5996831503959e-10,1.2170022924384935e-07,2.1770631847960073e-08,-8.88802787601534e-06,1.8092884425565e-05,2.165563228134395e-09,,,4.524489645153186e-09,6.240543075731502e-10,2.586372069225269e-10,3.8376030287011727e-11,1.6474642634271817e-09,,7.57452455458906e-11,9.349400562779022e-10,1.1757093525007976e-07,2.148482111928171e-08,-8.316978057185829e-06,1.7195112708281602e-05,2.147012567094764e-09,,2.7296284517021056e-08,4.675797140475303e-09,6.464819217633127e-10,2.5815280857921823e-10,3.9477442878108287e-11,1.6099143585726178e-09,,6.38451496733981e-11,7.586624601437529e-10,1.6750565306858564e-07,1.786179704780045e-08,-3.9874425360963045e-06,1.1828009174316283e-05,1.5530942590732111e-09,,3.166629842576196e-08,3.673871810585078e-09,6.916960938271624e-10,2.6447308485115827e-10,3.745429391590349e-11,1.4696239826108772e-09,
32,2024-02-09,6.650494297487004e-11,2.703582558362847e-09,2.3046918708228537e-07,3.027648938736839e-08,7.754592993461548e-08,6.6346680181369856e-06,2.0202211884594067e-09,1.0317101243945389e-10,2.68703051260396e-07,9.923167888193752e-10,1.2059226853463783e-09,2.7698677954741864e-10,3.696777427377349e-11,2.876038803963232e-09,,7.450530125141302e-11,1.0385839549597e-09,1.2625103544497296e-07,2.2253802990104507e-08,-8.886189761323372e-06,1.800529262316795e-05,2.205599451813997e-09,3.9623669048989474e-11,,3.1868000667551345e-09,6.315178605236594e-10,2.101911078869227e-10,3.882613292624353e-11,1.688977627031404e-09,,7.54652363770718e-11,9.885352836138097e-10,1.2099209439651023e-07,2.175123530922373e-08,-8.062598542424605e-06,1.6875099232822677e-05,2.1431704041058134e-09,3.984018047656639e-11,3.562065578403399e-08,4.5641765237584565e-09,6.634346721749207e-10,2.5872353497219395e-10,3.9401392314340565e-11,1.6494807474910746e-09,,6.38451496733981e-11,7.586624601437529e-10,1.6750565306858564e-07,1.786179704780045e-08,-3.9874425360963045e-06,1.1828009174316283e-05,1.5530942590732111e-09,3.291484947129459e-11,3.166629842576196e-08,3.673871810585078e-09,6.916960938271624e-10,2.6447308485115827e-10,3.745429391590349e-11,1.4696239826108772e-09,
33,2024-02-12,3.666148578770608e-11,9.310508863865223e-10,1.232590047743779e-07,5.716754933206038e-09,1.8862657974886107e-08,1.3272878441140484e-05,6.396156429477169e-10,1.0069441664002807e-11,1.8108517581091116e-08,1.884381734126817e-09,2.1357547874068184e-09,1.3356510031665696e-10,3.7685285563378905e-11,2.9855269880710645e-10,0.0016862793808556,7.340577521571807e-11,9.993030020313897e-10,1.2605419740123233e-07,2.130927950947496e-08,-8.885479878984293e-06,1.675596726930091e-05,2.2014645926963436e-09,3.848128848454384e-11,3.5036917843935885e-08,3.1525247542021834e-09,6.845563569228704e-10,2.031795080820005e-10,3.703576130723318e-11,1.6748284809006634e-09,,7.432394959503163e-11,9.868445660483013e-10,1.210587682311534e-07,2.1279632945223208e-08,-7.824908507118736e-06,1.676915156247908e-05,2.0989482052482227e-09,3.8938036876185675e-11,3.5036917843935885e-08,4.485359029945761e-09,7.067382049758589e-10,2.550424045411488e-10,3.9350918586371106e-11,1.6085435338945908e-09,0.00786634378429522,6.38451496733981e-11,7.586624601437529e-10,1.6750565306858564e-07,1.786179704780045e-08,-3.9874425360963045e-06,1.1828009174316283e-05,1.5530942590732111e-09,3.291484947129459e-11,3.166629842576196e-08,3.673871810585078e-09,6.916960938271624e-10,2.6447308485115827e-10,3.745429391590349e-11,1.4696239826108772e-09,0.009231729386392903
34,2024-02-13,6.920369544140358e-11,6.030508327400946e-10,1.6082142001162439e-07,6.0454134388639106e-09,4.0509442084757326e-05,2.840081612805674e-06,6.532236045498117e-10,3.9998261909830356e-11,8.686679461448722e-08,1.1669572306952835e-09,3.91378956428816e-10,1.0835691641203092e-10,3.3387406740255106e-11,5.194548694396741e-10,,7.08175774641272e-11,1.0074129716387882e-09,1.2848213159119255e-07,2.0987767414960257e-08,-7.536155603103632e-06,1.604902196925056e-05,2.200235605160201e-09,3.8912885342430623e-11,3.727122012608801e-08,3.1598527972979794e-09,6.85531679534537e-10,1.9730155666709493e-10,3.6939158444187616e-11,1.6745484237623667e-09,,7.417765661921368e-11,9.75879030810924e-10,1.221948439963097e-07,2.08443695307558e-08,-6.443927061636563e-06,1.6371178135345555e-05,2.057641788085411e-09,3.896921996541052e-11,3.670884935266335e-08,4.390547549967177e-09,6.977279407316577e-10,2.5085139059460256e-10,3.918053253362494e-11,1.5765115143517991e-09,,6.38451496733981e-11,7.586624601437529e-10,1.6750565306858564e-07,1.786179704780045e-08,-3.9874425360963045e-06,1.1828009174316283e-05,1.5530942590732111e-09,3.291484947129459e-11,3.166629842576196e-08,3.673871810585078e-09,6.916960938271624e-10,2.6447308485115827e-10,3.745429391590349e-11,1.4696239826108772e-09,
35,2024-02-14,5.3292265115125466e-11,9.027900430057587e-10,3.757005963096905e-08,3.3462002533207037e-09,3.920431821153823e-07,4.261065659180561e-06,7.591466408362583e-10,,2.6894900384380525e-08,1.276504630225939e-09,6.804222838941021e-10,1.548490417889367e-10,6.22284751233524e-11,2.102385768311657e-09,1.882153102949499e-05,7.085819208375536e-11,1.0300015483241925e-09,1.2751701911023023e-07,2.0682230320647432e-08,-7.52572668185666e-06,1.4218816336527078e-05,2.1874094653821632e-09,,3.423145191249897e-08,3.145361693963599e-09,6.901347282454169e-10,1.984910369516731e-10,3.8216041366899664e-11,1.7100287285373104e-09,,7.359750685521125e-11,9.738487811496694e-10,1.1984415554171693e-07,2.035830927304927e-08,-6.25403899931012e-06,1.6034786122118752e-05,2.021572478439601e-09,,3.6402163447404516e-08,4.304046357752142e-09,6.972472280417256e-10,2.4818465868333406e-10,3.982075316111737e-11,1.5915364930363666e-09,0.007509638227328597,6.38451496733981e-11,7.586624601437529e-10,1.6750565306858564e-07,1.786179704780045e-08,-3.9874425360963045e-06,1.1828009174316283e-05,1.5530942590732111e-09,,3.166629842576196e-08,3.673871810585078e-09,6.916960938271624e-10,2.6447308485115827e-10,3.745429391590349e-11,1.4696239826108772e-09,0.009231729386392903
36,2024-02-15,5.960657416504686e-11,6.884846964835816e-11,2.758607658951844e-06,1.572927080433127e-08,6.897349314550437e-08,9.066825268016184e-06,3.697529435500852e-10,2.6856019394092303e-11,9.731653895329232e-09,1.7866675569954282e-09,4.868928190243353e-10,3.4236335706677507e-10,6.292874712265587e-11,8.45897551800547e-10,5.0128120194143e-05,6.786445513740167e-11,1.0194781627987213e-09,2.1632342078192892e-07,1.8524257530696095e-08,-7.534061164635669e-06,1.410819980667265e-05,1.3086690259275702e-09,3.917079890935747e-11,3.4063534477832213e-08,2.4162756823482777e-09,6.786426063530055e-10,2.0447134489966624e-10,3.928166516821837e-11,1.7254005895638541e-09,,7.321937353926086e-11,9.493893132712555e-10,1.9116208806631495e-07,2.023320012524608e-08,-6.083146769784292e-06,1.584646285579165e-05,1.9769287072263707e-09,3.862312852051572e-11,3.5593966188250713e-08,4.236009092866825e-09,6.915619737439582e-10,2.507300289099136e-10,4.044529353845624e-11,1.5708243002242603e-09,0.007185311700931446,6.38451496733981e-11,7.586624601437529e-10,1.6750565306858564e-07,1.786179704780045e-08,-3.9874425360963045e-06,1.1828009174316283e-05,1.5530942590732111e-09,3.291484947129459e-11,3.166629842576196e-08,3.673871810585078e-09,6.916960938271624e-10,2.6447308485115827e-10,3.745429391590349e-11,1.4696239826108772e-09,0.009231729386392903
37,2024-02-16,6.268655638460389e-11,4.868958213692826e-10,6.312758332123455e-08,5.8002115582689786e-08,9.217103349910473e-08,7.729151306035011e-06,2.735910541641834e-10,4.189961353648055e-11,1.8527646384019164e-08,2.6812341440027622e-09,4.365106341645245e-10,8.741737726418666e-10,2.9022090331088486e-11,5.390966319265506e-10,,6.787492500107452e-11,1.0279714173126106e-09,2.1713073665429577e-07,2.013234762087098e-08,-7.567483395376167e-06,1.3799346458908986e-05,1.297694572906808e-09,3.9386532050343104e-11,3.4151921146716276e-08,2.4550917995197722e-09,6.777891382186164e-10,2.213703353460385e-10,3.77928483298029e-11,1.6343303087510228e-09,,7.29421941404541e-11,9.37218431905414e-10,1.87792758994076e-07,2.1227118953073548e-08,-5.920638406539992e-06,1.563284939395595e-05,1.9321040321457867e-09,3.871414199318141e-11,3.5092015605773316e-08,4.195093962633561e-09,6.848500963866048e-10,2.6713644321864913e-10,4.014468292773604e-11,1.5429397686486467e-09,,6.38451496733981e-11,7.586624601437529e-10,1.6750565306858564e-07,1.786179704780045e-08,-3.9874425360963045e-06,1.1828009174316283e-05,1.5530942590732111e-09,3.291484947129459e-11,3.166629842576196e-08,3.673871810585078e-09,6.916960938271624e-10,2.6447308485115827e-10,3.745429391590349e-11,1.4696239826108772e-09,
38,2024-02-19,1.1495121926545048e-10,3.648342053008396e-10,2.050257499864543e-07,1.1927697160744204e-08,5.499188558214442e-09,1.048530522661592e-05,2.623063372502865e-10,1.8676101071360456e-11,4.423295112948008e-08,3.6448599353049505e-09,5.023605256582999e-10,7.80294766707382e-10,3.841459165833681e-11,2.898489977437011e-10,-2.1117830366476508e-05,6.67137769234756e-11,1.0330844963625164e-09,2.2208873379897773e-07,1.9307327445011335e-08,-7.740034009235678e-06,1.3864673359821735e-05,1.267434096604215e-09,3.9082842916126124e-11,3.554968499603407e-08,2.4124701089354826e-09,6.618277012586535e-10,2.4122001897875776e-10,3.785020280353003e-11,1.5211705725070007e-09,,7.401934863083861e-11,9.225419132745276e-10,1.8823463055798314e-07,2.098867224044972e-08,-5.768686160511833e-06,1.5500861081972873e-05,1.889288706635646e-09,3.8172573319618674e-11,3.535318519216494e-08,4.180985397830263e-09,6.801708766243406e-10,2.802943489491295e-10,4.0100321613136055e-11,1.5099636957300955e-09,0.006885043803794033,6.38451496733981e-11,7.586624601437529e-10,1.6750565306858564e-07,1.786179704780045e-08,-3.9874425360963045e-06,1.1828009174316283e-05,1.5530942590732111e-09,3.291484947129459e-11,3.166629842576196e-08,3.673871810585078e-09,6.916960938271624e-10,2.6447308485115827e-10,3.745429391590349e-11,1.4696239826108772e-09,0.009231729386392903
39,2024-02-20,7.195190496217359e-11,3.177806682048313e-10,4.3912864107955296e-08,8.878290103021873e-09,1.6690709685558577e-08,2.236412284437095e-05,1.2197068581794747e-09,,1.0498513118200272e-08,3.0409802340455902e-09,5.77232242968451e-10,2.378378563602085e-10,1.631685180040591e-11,3.5463105296552317e-10,,6.311574484668121e-11,1.0345427797896308e-09,2.1832857637074846e-07,1.942184496802043e-08,-7.740261356020863e-06,1.3808754710089839e-05,1.288947892928316e-09,,3.505822065541974e-08,2.4907560371056164e-09,6.63295835835037e-10,2.4543553418228874e-10,3.754434189377659e-11,1.4695092816716145e-09,,7.396766253912198e-11,9.074228821477853e-10,1.8462658639673243e-07,2.068591268701402e-08,-5.624051738756899e-06,1.5672442626032826e-05,1.8725491604242416e-09,,3.466277763455481e-08,4.1524852687356456e-09,6.775974107829433e-10,2.7923293663440645e-10,3.9505734867817806e-11,1.4803397818130551e-09,,6.38451496733981e-11,7.586624601437529e-10,1.6750565306858564e-07,1.786179704780045e-08,-3.9874425360963045e-06,1.1828009174316283e-05,1.5530942590732111e-09,,3.166629842576196e-08,3.673871810585078e-09,6.916960938271624e-10,2.6447308485115827e-10,3.745429391590349e-11,1.4696239826108772e-09,
40,2024-02-21,3.149946832265953e-11,1.0600691274646295e-09,7.802207773298835e-08,5.722100038766614e-09,1.1102446713900512e-07,8.161770117128156e-06,5.941484262071346e-10,,2.527869806827913e-07,6.036749230068743e-09,1.98271079394872e-10,5.652120959175063e-10,2.186753079340033e-11,5.356663835553918e-09,,6.171786669867605e-11,1.0542609750768611e-09,2.1711947648806825e-07,1.8647865240634433e-08,-7.748482816017551e-06,1.3876528957420786e-05,1.2934708752691982e-09,,4.1893213462251636e-08,2.6347044299830346e-09,6.40579321621334e-10,2.5587529819113927e-10,3.6828737582062064e-11,1.565849752017102e-09,,7.293185292408632e-11,9.111459613018546e-10,1.8202647642932402e-07,2.0320941646812866e-08,-5.484171831296023e-06,1.5489255491669298e-05,1.8413686547116293e-09,,4.0558026365588234e-08,4.198442926329136e-09,6.65906524651527e-10,2.8620803808033573e-10,3.907553476844177e-11,1.5772478831565766e-09,,6.38451496733981e-11,7.586624601437529e-10,1.6750565306858564e-07,1.786179704780045e-08,-3.9874425360963045e-06,1.1828009174316283e-05,1.5530942590732111e-09,,3.166629842576196e-08,3.673871810585078e-09,6.916960938271624e-10,2.6447308485115827e-10,3.745429391590349e-11,1.4696239826108772e-09,
41,2024-02-22,2.398194456608766e-11,3.413054070680698e-10,2.5008293598937128e-08,2.144629682350736e-09,5.63469964763027e-07,2.253033409734177e-06,3.3157125793229146e-10,1.2279259820800362e-11,2.7046131573155317e-08,1.0579346323038058e-09,3.7029703819650985e-10,6.088503420225821e-11,1.8596952316329244e-11,1.983130002277348e-09,,5.7711098883161664e-11,1.058445664896775e-09,2.1724356525104174e-07,1.736918110627852e-08,6.626467932651216e-06,1.3734433784534156e-05,1.2875181663918361e-09,3.67561774739118e-11,4.241365233002846e-08,2.520234784134871e-09,6.294187521024591e-10,2.496229280749041e-10,3.575722579834057e-11,1.5794673453752509e-09,,7.176637891556254e-11,8.975783290581931e-10,1.7828794826669577e-07,1.9888172314325673e-08,-5.340180359961283e-06,1.517410734686132e-05,1.8054210976454545e-09,3.7491170332807674e-11,4.020245018684e-08,4.123668919328533e-09,6.588682035454551e-10,2.808432046546672e-10,3.8587949471962896e-11,1.587147447037571e-09,,6.38451496733981e-11,7.586624601437529e-10,1.6750565306858564e-07,1.786179704780045e-08,-3.9874425360963045e-06,1.1828009174316283e-05,1.5530942590732111e-09,3.291484947129459e-11,3.166629842576196e-08,3.673871810585078e-09,6.916960938271624e-10,2.6447308485115827e-10,3.745429391590349e-11,1.4696239826108772e-09,
42,2024-02-23,2.955664376348169e-11,1.5847550444657234e-10,5.303031044603631e-08,3.6818053609988075e-09,4.947796587118171e-07,9.768909045041075e-06,1.6424256476258055e-09,3.0011930143244454e-11,2.042632472849225e-08,2.75160492285765e-09,5.127330439342129e-10,1.8758334630877587e-10,5.6178664681520476e-11,2.0371085049952984e-09,1.0038366957681733e-05,5.493226864086464e-11,1.0590095652894709e-09,2.1800496248814463e-07,1.6623822769358577e-08,6.51421654408978e-06,1.353833425118175e-05,1.2585642680478943e-09,3.342085565572277e-11,4.291865928551039e-08,2.4975483324116564e-09,6.377257033300134e-10,2.468134070445864e-10,3.643108659149804e-11,1.6118108818968933e-09,,7.078475716783973e-11,8.803898912765276e-10,1.753749799452851e-07,1.951128005959714e-08,-5.2044836153409785e-06,1.5048405060772476e-05,1.8016305057845326e-09,3.729939494333169e-11,3.9695370046882365e-08,4.0917604542943264e-09,6.554697114614727e-10,2.7867437073964646e-10,3.899703587218517e-11,1.597860805560374e-09,0.006610043586320578,6.38451496733981e-11,7.586624601437529e-10,1.6750565306858564e-07,1.786179704780045e-08,-3.9874425360963045e-06,1.1828009174316283e-05,1.5530942590732111e-09,3.291484947129459e-11,3.166629842576196e-08,3.673871810585078e-09,6.916960938271624e-10,2.6447308485115827e-10,3.745429391590349e-11,1.4696239826108772e-09,0.009231729386392903
43,2024-02-26,1.2231362868613416e-10,2.700890986026512e-10,4.0312091723698687e-08,8.491245287748105e-09,4.683877324802228e-08,5.5484105825854215e-06,2.7693530504156417e-10,1.8092787486074623e-11,9.908659197152206e-09,2.476504502764707e-09,9.266941292033651e-10,1.492991250444557e-10,1.3809749904817358e-10,5.256720560425144e-10,,5.598208000176918e-11,1.0308728055805935e-09,2.1431448251558334e-07,1.6388210596699373e-08,6.507892235109318e-06,1.281028976693809e-05,1.2290791523973903e-09,3.301113862589139e-11,4.192620159740237e-08,2.4625096745800606e-09,6.488038556043397e-10,2.4555171462115974e-10,3.836278553510359e-11,1.5084344539652264e-09,,7.195586788416461e-11,8.665194187157576e-10,1.7230536884933994e-07,1.9260824723873298e-08,-5.085135379236683e-06,1.4832496095359135e-05,1.7669783421312833e-09,3.681922975690026e-11,3.8950702275639106e-08,4.055050091759562e-09,6.616339027737885e-10,2.7573402424657394e-10,4.124931912618491e-11,1.5729261834785635e-09,,6.38451496733981e-11,7.586624601437529e-10,1.6750565306858564e-07,1.786179704780045e-08,-3.9874425360963045e-06,1.1828009174316283e-05,1.5530942590732111e-09,3.291484947129459e-11,3.166629842576196e-08,3.673871810585078e-09,6.916960938271624e-10,2.6447308485115827e-10,3.745429391590349e-11,1.4696239826108772e-09,
44,2024-02-27,6.312966861683588e-11,2.1204944001411547e-10,5.8251788346927056e-08,1.0557539312453272e-08,-1.182910201521712e-09,2.061198066568172e-06,1.0833835692337243e-09,1.3961430497089083e-11,9.263805383321051e-09,2.139538763815448e-09,3.9604000523756015e-10,2.8010092049637036e-10,3.2688424757765077e-11,7.884766321467486e-10,5.156818170764037e-06,5.555165465710143e-11,1.032122257613707e-09,2.1313088200459333e-07,1.6424455770100602e-08,2.1075175956426004e-06,1.2577274350911325e-05,1.2425208153154292e-09,3.272535827175127e-11,4.142201410014244e-08,2.494837004818945e-09,6.535385500838557e-10,2.47269535734272e-10,3.7970319260690716e-11,1.416783167981087e-09,,7.175973012266841e-11,8.519756414112766e-10,1.6977084483817521e-07,1.9067418381397296e-08,-4.972158657702569e-06,1.4548689472497113e-05,1.751787347178004e-09,3.6261722457880475e-11,3.822663161972891e-08,4.012483173360805e-09,6.557318161618722e-10,2.758310663854583e-10,4.105907702910891e-11,1.5550977845846586e-09,0.006356009479853278,6.38451496733981e-11,7.586624601437529e-10,1.6750565306858564e-07,1.786179704780045e-08,-3.9874425360963045e-06,1.1828009174316283e-05,1.5530942590732111e-09,3.291484947129459e-11,3.166629842576196e-08,3.673871810585078e-09,6.916960938271624e-10,2.6447308485115827e-10,3.745429391590349e-11,1.4696239826108772e-09,0.009231729386392903
45,2024-02-28,1.7965644152993804e-11,2.3562471375828757e-10,8.73224337935894e-08,,1.3926315113024046e-08,3.043448743662587e-06,,1.1248406049116548e-11,3.3757230923782596e-09,,,4.3662245508209805e-10,1.752380014894341e-11,1.807463356431422e-09,,5.509272203829766e-11,1.0085485281628282e-09,2.1452687571661472e-07,,2.0938455672091278e-06,1.2592271116304482e-05,,3.054354821149412e-11,4.131201169015506e-08,,,2.597296680422442e-10,3.7745766968649943e-11,1.4263509868567581e-09,,7.059029347115375e-11,8.38576708201429e-10,1.679784880763364e-07,,-4.8637655061196205e-06,1.4298575543609405e-05,,3.566616730529086e-11,3.739684808336342e-08,,,2.793265313571244e-10,4.0547440575192266e-11,1.5607059084034757e-09,,6.38451496733981e-11,7.586624601437529e-10,1.6750565306858564e-07,,-3.9874425360963045e-06,1.1828009174316283e-05,,3.291484947129459e-11,3.166629842576196e-08,,,2.6447308485115827e-10,3.745429391590349e-11,1.4696239826108772e-09,
46,2024-02-29,2.1053041733727894e-11,4.388141849363129e-10,1.1335633863761546e-06,,2.5151591419855532e-08,5.882395106319348e-07,,6.084415911883547e-12,1.5835000398114732e-08,1.5939002495470476e-09,4.460526097250767e-10,6.319643334947719e-11,9.542738500714103e-12,3.876905040137531e-10,,5.466915611826127e-11,1.0183539168354071e-09,2.2745165793484167e-07,,2.083588927965629e-06,1.2525119050043853e-05,,2.946785951808736e-11,4.069091920310566e-08,2.464085246078303e-09,6.602700106580835e-10,2.5712544548921927e-10,3.668204333781385e-11,1.292577245649059e-09,,6.953630939163405e-11,8.300711226000437e-10,1.8852284761463037e-07,,-4.759745993406015e-06,1.4006866266312014e-05,,3.497821959846743e-11,3.689540976510182e-08,3.959905283712679e-09,6.511735725436811e-10,2.7472801863355745e-10,3.988776606296933e-11,1.5352055735254382e-09,,6.38451496733981e-11,7.586624601437529e-10,1.6750565306858564e-07,,-3.9874425360963045e-06,1.1828009174316283e-05,,3.291484947129459e-11,3.166629842576196e-08,3.673871810585078e-09,6.916960938271624e-10,2.6447308485115827e-10,3.745429391590349e-11,1.4696239826108772e-09,
47,2024-03-01,2.5433962919433183e-11,1.5161412386276681e-09,1.9777861831031177e-07,,6.116895482798883e-07,7.478842413877968e-07,,4.823105220482672e-11,5.4750380652068e-09,2.1179934367076947e-09,5.497244957794643e-10,2.6974426171734425e-10,2.298095830271647e-11,2.1347311187121682e-10,,5.498853773929864e-11,1.0085677109404606e-09,2.281425493558226e-07,,2.1049060253616412e-06,1.2263452519937476e-05,,2.9980768149011e-11,3.982600018510684e-08,2.356876635130636e-09,6.617327548328167e-10,2.5969159925769215e-10,3.640213699603648e-11,1.1416218230453734e-09,,6.861751050679653e-11,8.443642500172858e-10,1.8871567617079043e-07,,-4.647841086287559e-06,1.373063747412609e-05,,3.527942033952105e-11,3.6181310408286025e-08,3.9207156699466154e-09,6.490150815486977e-10,2.7462419036446966e-10,3.9535540901297395e-11,1.5070836062561992e-09,,6.38451496733981e-11,7.586624601437529e-10,1.6750565306858564e-07,,-3.9874425360963045e-06,1.1828009174316283e-05,,3.291484947129459e-11,3.166629842576196e-08,3.673871810585078e-09,6.916960938271624e-10,2.6447308485115827e-10,3.745429391590349e-11,1.4696239826108772e-09,
48,2024-03-04,1.162282823206158e-10,1.9259881160742272e-10,7.251144161155243e-08,,-1.311127360736098e-07,2.1115445971907543e-06,,1.440052003986644e-11,1.2111216645952756e-08,8.927380128843225e-10,6.00131589019028e-10,1.3821427884079692e-10,1.7648605637856772e-11,2.0692670771348147e-09,6.53858869775711e-06,5.7858790077878053e-11,1.0080234557107944e-09,2.2914767307583575e-07,,2.0965325148167466e-06,1.2125668701906698e-05,,2.99574862968131e-11,3.7670539411324323e-08,2.272899929983911e-09,6.601431130606748e-10,2.613256206335565e-10,3.5363565949209907e-11,1.1273446694998623e-09,,6.958915891116018e-11,8.310629145395336e-10,1.8634416117978557e-07,,-4.555662956691355e-06,1.349351312969884e-05,,3.481544477730651e-11,3.564641943578973e-08,3.857632802091151e-09,6.479966754543297e-10,2.7184031461908857e-10,3.9088868753063915e-11,1.5187957618995037e-09,0.006120843891291962,6.38451496733981e-11,7.586624601437529e-10,1.6750565306858564e-07,,-3.9874425360963045e-06,1.1828009174316283e-05,,3.291484947129459e-11,3.166629842576196e-08,3.673871810585078e-09,6.916960938271624e-10,2.6447308485115827e-10,3.745429391590349e-11,1.4696239826108772e-09,0.009231729386392903
49,2024-03-05,5.7965090936318206e-11,1.721005670847617e-10,6.33478009108624e-08,,4.352543716276098e-09,2.196331638625369e-06,4.763310665141212e-10,2.3124964105263088e-11,1.0051306268727966e-08,6.501212667771911e-09,9.754835545726827e-10,1.8348171517927587e-10,4.7687582503713e-11,1.5360391068417431e-09,,5.7745227841431595e-11,9.922271340036671e-10,2.2953551588841266e-07,,2.093514104770368e-06,1.1853492283898099e-05,1.2150104606600112e-09,2.952163978246e-11,3.742268159087904e-08,2.3679693728891532e-09,6.759259814732287e-10,2.527443599115e-10,3.500989825680131e-11,1.1717263489157953e-09,,6.935667755166334e-11,8.178836675904381e-10,1.8388423397440712e-07,,-4.464462646683204e-06,1.326756949987737e-05,1.7240600367287893e-09,3.456130389313165e-11,3.5090003932157955e-08,3.91158341159484e-09,6.546800811506225e-10,2.7007314263029234e-10,3.926084302807689e-11,1.519147666898325e-09,,6.38451496733981e-11,7.586624601437529e-10,1.6750565306858564e-07,,-3.9874425360963045e-06,1.1828009174316283e-05,1.5530942590732111e-09,3.291484947129459e-11,3.166629842576196e-08,3.673871810585078e-09,6.916960938271624e-10,2.6447308485115827e-10,3.745429391590349e-11,1.4696239826108772e-09,
50,2024-03-06,2.1080380852858163e-11,2.002105050795197e-10,3.556573092750328e-08,,7.657131275781403e-09,5.89907294339899e-06,1.3159593043123807e-09,3.3538925059199456e-11,1.064357652292976e-08,5.767516666676809e-09,8.598684581604244e-10,2.821561357202708e-10,2.2761784752406897e-11,8.695426330393061e-10,,5.4831589229186175e-11,9.818635250217983e-10,2.2826819542605742e-07,,2.093002592155404e-06,1.1871610025649104e-05,1.18993853411288e-09,2.9047281355604768e-11,3.739231460891778e-08,2.407255304385222e-09,6.818438282408828e-10,2.585647262596027e-10,3.451137367504006e-11,1.1778984574643798e-09,,6.84100834987456e-11,8.057724291098317e-10,1.8097602803231096e-07,,-4.376774023585968e-06,1.312308917524054e-05,1.7153770424220572e-09,3.453955115198416e-11,3.456986717877012e-08,3.94870207669648e-09,6.587838486908185e-10,2.703100640634292e-10,3.893733208149513e-11,1.5061555662211447e-09,,6.38451496733981e-11,7.586624601437529e-10,1.6750565306858564e-07,,-3.9874425360963045e-06,1.1828009174316283e-05,1.5530942590732111e-09,3.291484947129459e-11,3.166629842576196e-08,3.673871810585078e-09,6.916960938271624e-10,2.6447308485115827e-10,3.745429391590349e-11,1.4696239826108772e-09,
51,2024-03-07,3.409366662875504e-11,2.4384023249034025e-10,2.426885451496333e-07,4.612896075214396e-09,-1.5654670058942836e-05,3.157314269009227e-06,2.0794999419468688e-10,1.9592180890249365e-11,6.950178795388147e-09,1.5770831668095643e-09,1.772056610984873e-10,2.6947171538307064e-10,5.620404260265702e-11,5.988061162124767e-10,6.101625655606914e-06,5.413839631109065e-11,9.82929193591696e-10,2.312185215964117e-07,1.6450093401743176e-08,1.5704511963607393e-06,9.977370095426681e-06,1.085607671702082e-09,2.949138185935253e-11,3.714232880968245e-08,2.3651286803443383e-09,6.825588094420909e-10,2.6412705893468027e-10,3.559493659993452e-11,1.1795503031299427e-09,,6.775015240509194e-11,7.949660407133031e-10,1.8216280720764407e-07,1.8753189635610714e-08,-4.5936566396505235e-06,1.2931439657813013e-05,1.6839723122506537e-09,3.422814760486468e-11,3.399445700411633e-08,3.902199745130069e-09,6.493411391301846e-10,2.702939419734223e-10,3.926938420690209e-11,1.4883644005347003e-09,0.005902460238947807,6.38451496733981e-11,7.586624601437529e-10,1.6750565306858564e-07,1.786179704780045e-08,-3.9874425360963045e-06,1.1828009174316283e-05,1.5530942590732111e-09,3.291484947129459e-11,3.166629842576196e-08,3.673871810585078e-09,6.916960938271624e-10,2.6447308485115827e-10,3.745429391590349e-11,1.4696239826108772e-09,0.009231729386392903
52,2024-03-08,8.760707674469935e-11,4.1767762967807344e-10,6.451185975598095e-08,1.6135597027838764e-08,1.385611824792465e-06,1.292907908553037e-06,1.2735666863251715e-09,3.4585453424702036e-11,4.5834211989129894e-08,2.237155512317874e-09,6.43183701191571e-10,3.0012131518346464e-10,4.777249951796058e-11,3.3505806163309652e-09,0.0503075545445737,5.56603968255998e-11,9.857240587125023e-10,2.3197236774130197e-07,1.6602081154507774e-08,1.5562985820862129e-06,7.900734139248307e-06,1.0927997041808886e-09,2.3898416631339133e-11,3.817474092738091e-08,2.3664220464024637e-09,6.899278405128419e-10,2.6864442817677523e-10,3.589778870050408e-11,1.2627736504138078e-09,,6.812481135489584e-11,7.878473914484875e-10,1.7994297801044287e-07,1.8697496175870885e-08,-4.480840253528957e-06,1.271184471914773e-05,1.6755966872317663e-09,3.423543956037157e-11,3.423608465687171e-08,3.8701796637298344e-09,6.492227268621343e-10,2.7085672260002683e-10,3.942982034484659e-11,1.5241762508384746e-09,0.0074336703874176655,6.38451496733981e-11,7.586624601437529e-10,1.6750565306858564e-07,1.786179704780045e-08,-3.9874425360963045e-06,1.1828009174316283e-05,1.5530942590732111e-09,3.291484947129459e-11,3.166629842576196e-08,3.673871810585078e-09,6.916960938271624e-10,2.6447308485115827e-10,3.745429391590349e-11,1.4696239826108772e-09,0.009231729386392903
53,2024-03-11,2.2836285932035103e-11,3.80727693939693e-10,4.424430135437485e-08,3.801443191796088e-09,2.2177183876307425e-07,1.0979967772563875e-05,9.685005502391132e-10,5.1781998677779875e-11,7.568177612801297e-09,4.4234517425073875e-09,6.885595272516177e-10,5.914679847536563e-11,1.5616304460344557e-11,1.8356676649068873e-09,,5.566368141789978e-11,9.833622197010482e-10,2.300973779058743e-07,1.649294795881939e-08,1.5672542960768988e-06,7.66948220634334e-06,1.0858696281412115e-09,2.3816212782241133e-11,3.796468451216309e-08,2.4255132653661877e-09,6.932467095496968e-10,2.65273656328625e-10,3.526703580298397e-11,1.2349025191155187e-09,,6.72861349581762e-11,7.803081377909171e-10,1.7743003955384904e-07,1.8387161738702657e-08,-4.393754844412438e-06,1.2679772923840623e-05,1.6614547644919133e-09,3.458637074271973e-11,3.3702726515990296e-08,3.880618759555826e-09,6.499649306430679e-10,2.6693616844957015e-10,3.89888293099484e-11,1.5300534473303314e-09,,6.38451496733981e-11,7.586624601437529e-10,1.6750565306858564e-07,1.786179704780045e-08,-3.9874425360963045e-06,1.1828009174316283e-05,1.5530942590732111e-09,3.291484947129459e-11,3.166629842576196e-08,3.673871810585078e-09,6.916960938271624e-10,2.6447308485115827e-10,3.745429391590349e-11,1.4696239826108772e-09,
54,2024-03-12,2.336236980233163e-11,2.5554029614313e-10,9.452940531984573e-08,3.057355247586444e-08,2.5242867069065964e-07,8.879299550380527e-06,6.0496336961791e-10,3.5095820665778434e-11,5.846949899613329e-09,2.846279405373549e-09,1.4923823515798226e-09,2.2767167975392203e-10,1.3609931329389208e-11,4.973974794844375e-10,-6.764861613738269e-05,5.5036431049977224e-11,9.825135570527688e-10,2.3138622668418886e-07,1.7238400172401745e-08,9.150856188428391e-07,7.177656084863177e-06,1.0830785735501324e-09,2.4515987905719185e-11,3.710816741127129e-08,2.4386000279110763e-09,6.97415352796345e-10,2.621715605095122e-10,3.532486255912325e-11,1.2328574371666746e-09,0.007183626420632497,6.648752104625176e-11,7.707669043064119e-10,1.7592275529504896e-07,1.863586359048147e-08,-4.309278780501473e-06,1.261067340795953e-05,1.6407392469453643e-09,3.459635995689736e-11,3.3156534817629966e-08,3.861464327070969e-09,6.65565253253008e-10,2.662222686551038e-10,3.8527394801210964e-11,1.5109301886665184e-09,0.007183626420632497,6.38451496733981e-11,7.586624601437529e-10,1.6750565306858564e-07,1.786179704780045e-08,-3.9874425360963045e-06,1.1828009174316283e-05,1.5530942590732111e-09,3.291484947129459e-11,3.166629842576196e-08,3.673871810585078e-09,6.916960938271624e-10,2.6447308485115827e-10,3.745429391590349e-11,1.4696239826108772e-09,0.009231729386392903
55,2024-03-13,2.9523039472641866e-11,7.119999405160003e-10,4.5894217491767656e-08,5.30459124380027e-09,1.6556323525086963e-06,1.1484987469358947e-06,5.289532315997551e-10,1.7443444632209565e-11,3.3373098234407247e-09,1.0647044056581346e-09,4.5302975343079374e-10,1.9223571691049508e-10,3.363812925718703e-11,7.096705042061596e-10,0.0526559918790733,5.4649970652647463e-11,9.720362398574022e-10,2.273413250011767e-07,1.644131334507894e-08,9.65976349734834e-07,7.100749855097276e-06,1.0855995918101143e-09,2.464268937450136e-11,3.61832613679701e-08,2.4311183117798498e-09,6.939472408182884e-10,2.6345605158886943e-10,3.560073473447665e-11,1.1929760675085752e-09,0.008796763387824237,6.582744101815158e-11,7.697174942387259e-10,1.7360081711999036e-07,1.836923814354785e-08,-4.2027625102691485e-06,1.2405991717584109e-05,1.6193587466502563e-09,3.426649620065336e-11,3.258308818312633e-08,3.810614146681645e-09,6.617009714380585e-10,2.6490108023109295e-10,3.8440086487924824e-11,1.4963618307672393e-09,0.008650476919291878,6.38451496733981e-11,7.586624601437529e-10,1.6750565306858564e-07,1.786179704780045e-08,-3.9874425360963045e-06,1.1828009174316283e-05,1.5530942590732111e-09,3.291484947129459e-11,3.166629842576196e-08,3.673871810585078e-09,6.916960938271624e-10,2.6447308485115827e-10,3.745429391590349e-11,1.4696239826108772e-09,0.009231729386392903
56,2024-03-14,2.9545363872058866e-11,1.303887592577821e-09,7.882342626787716e-08,8.43034004773636e-09,3.986535996874782e-08,5.764682099974066e-07,2.1374146052672178e-10,3.7059618632453406e-12,2.337107325656458e-08,2.1052216476903173e-09,2.1512956670189928e-10,9.247892861602764e-11,1.8402027494781524e-11,1.3339965053369266e-09,0.0272505558665247,5.364956058052164e-11,1.0107861324844549e-09,2.281282105074284e-07,1.5976605789263303e-08,1.0454291535980611e-06,6.522750799220187e-06,1.027527813027421e-09,2.462818479960291e-11,3.4309206480187444e-08,2.46299307804908e-09,6.885911086900483e-10,2.6201078527920074e-10,3.472921104244921e-11,1.2207520167702183e-09,0.009705115250041727,6.519091334892188e-11,7.790888994727452e-10,1.7193805587697083e-07,1.8174357788728012e-08,-4.128330442370238e-06,1.2198456217451008e-05,1.592837665780001e-09,3.368988234523057e-11,3.240927658073837e-08,3.780160709199657e-09,6.5372648206777e-10,2.6187613020275847e-10,3.808854159330827e-11,1.4934624499559837e-09,0.009231729386392903,6.38451496733981e-11,7.586624601437529e-10,1.6750565306858564e-07,1.786179704780045e-08,-3.9874425360963045e-06,1.1828009174316283e-05,1.5530942590732111e-09,3.291484947129459e-11,3.166629842576196e-08,3.673871810585078e-09,6.916960938271624e-10,2.6447308485115827e-10,3.745429391590349e-11,1.4696239826108772e-09,0.009231729386392903
57,2024-03-15,2.836692492385828e-11,2.7182562113186717e-10,2.2632907205885197e-08,1.4671802935033781e-08,4.8486815592327546e-08,1.1943240931616874e-07,2.682346055896677e-10,4.933936854962792e-12,4.152887679733099e-09,6.143577819517021e-10,9.764327088577784e-11,6.028631503275132e-10,1.7975640263865837e-12,5.29538864188245e-10,,5.3221958888614603e-11,1.011365891423336e-09,2.2628693344963385e-07,1.6348040372501623e-08,1.0567551384175528e-06,6.238056849070929e-06,8.562109019189184e-10,2.417357425556742e-11,3.374936338754662e-08,2.4220449185292055e-09,6.684860602195579e-10,2.762419688458561e-10,3.447988031099363e-11,1.228118771472454e-09,,6.455601699676561e-11,7.703429808806611e-10,1.6936382917574525e-07,1.810700096461851e-08,-4.056316351715711e-06,1.199019718627627e-05,1.5683079794801799e-09,3.315736483615154e-11,3.1886010119608644e-08,3.724620306967237e-09,6.439706362575595e-10,2.677552167566336e-10,3.746283508353376e-11,1.4765515098547954e-09,,6.38451496733981e-11,7.586624601437529e-10,1.6750565306858564e-07,1.786179704780045e-08,-3.9874425360963045e-06,1.1828009174316283e-05,1.5530942590732111e-09,3.291484947129459e-11,3.166629842576196e-08,3.673871810585078e-09,6.916960938271624e-10,2.6447308485115827e-10,3.745429391590349e-11,1.4696239826108772e-09,
58,2024-03-18,2.2614844918082238e-11,8.119225740306956e-11,5.973143885332908e-08,5.111193373261379e-09,7.238769829247755e-09,2.421104480637006e-06,7.315533570969037e-10,1.9819019769019613e-11,1.9801866958041212e-08,7.812075168020301e-10,3.41204717529452e-09,7.410943433359013e-11,3.6958906193348094e-11,1.0747549297075415e-09,,5.292161319110348e-11,1.0058125153444248e-09,2.226052191938804e-07,1.5805762690225013e-08,1.0539531644127159e-06,5.620236193864077e-06,8.647571303048664e-10,2.423039147016128e-11,3.397899718742508e-08,2.392480914077434e-09,7.195286463648088e-10,2.735189783627008e-10,3.360968620941224e-11,1.2398788183428317e-09,,6.38451496733981e-11,7.586624601437529e-10,1.6750565306858564e-07,1.786179704780045e-08,-3.9874425360963045e-06,1.1828009174316283e-05,1.5530942590732111e-09,3.291484947129459e-11,3.166629842576196e-08,3.673871810585078e-09,6.916960938271624e-10,2.6447308485115827e-10,3.745429391590349e-11,1.4696239826108772e-09,,6.38451496733981e-11,7.586624601437529e-10,1.6750565306858564e-07,1.786179704780045e-08,-3.9874425360963045e-06,1.1828009174316283e-05,1.5530942590732111e-09,3.291484947129459e-11,3.166629842576196e-08,3.673871810585078e-09,6.916960938271624e-10,2.6447308485115827e-10,3.745429391590349e-11,1.4696239826108772e-09,
